Date,Open,High,Low,Close
2023-06-15,29.271,29.76,29.121,29.66
2023-06-16,29.93,29.94,29.51,29.53
2023-06-20,29.391,29.391,28.972,29.221
2023-06-21,29.221,29.221,28.692,28.882
2023-06-22,28.522,28.762,28.393,28.642
2023-06-23,28.053,28.133,27.809,27.884
2023-06-26,27.954,28.158,27.674,27.704
2023-06-27,27.854,28.173,27.659,28.123
2023-06-28,28.057,28.453,28.043,28.353
2023-06-29,28.366,28.416,28.178,28.296
2023-06-30,28.616,28.906,28.606,28.736
2023-07-03,28.916,28.946,28.776,28.866
2023-07-05,28.586,28.676,28.436,28.526
2023-07-06,28.176,28.176,27.636,27.946
2023-07-07,27.946,28.486,27.896,28.206
2023-07-10,28.076,28.566,28.076,28.566
2023-07-11,28.746,28.896,28.626,28.886
2023-07-12,29.096,29.303,29.056,29.246
2023-07-13,29.646,29.916,29.526,29.866
2023-07-14,29.806,29.866,29.326,29.406
2023-07-17,29.496,29.836,29.326,29.776
2023-07-18,29.956,30.196,29.711,30.126
2023-07-19,30.256,30.256,29.846,29.936
2023-07-20,29.726,29.726,29.046,29.126
2023-07-21,29.206,29.346,28.906,28.936
2023-07-24,29.086,29.096,28.676,28.716
2023-07-25,28.836,29.206,28.751,29.056
2023-07-26,29.076,29.381,28.916,29.246
2023-07-27,29.726,29.776,28.886,28.966
2023-07-28,29.266,29.266,28.946,29.066
2023-07-31,29.016,29.146,28.856,29.136
2023-08-01,28.876,28.896,28.438,28.726
2023-08-02,28.266,28.276,27.506,27.706
2023-08-03,27.436,27.716,27.246,27.556
2023-08-04,27.866,27.936,27.481,27.526
2023-08-07,27.726,27.726,27.396,27.606
2023-08-08,27.316,27.316,26.946,27.116
2023-08-09,26.971,26.986,26.406,26.516
2023-08-10,26.756,27.026,26.476,26.566
2023-08-11,26.366,26.446,26.196,26.286
2023-08-14,26.156,26.586,26.016,26.586
2023-08-15,26.476,26.636,26.276,26.286
2023-08-16,26.186,26.216,25.806,25.806
2023-08-17,25.876,25.926,25.316,25.376
2023-08-18,25.106,25.496,25.096,25.416
2023-08-21,25.456,25.746,25.316,25.696
2023-08-22,25.966,25.966,25.516,25.566
2023-08-23,25.746,26.167,25.701,26.106
2023-08-24,26.386,26.386,25.626,25.646
2023-08-25,25.736,25.996,25.411,25.776
2023-08-28,26.006,26.171,25.871,26.126
2023-08-29,26.006,26.633,25.906,26.606
2023-08-30,26.706,26.916,26.606,26.826
2023-08-31,26.886,26.956,26.666,26.726
2023-09-01,26.996,27.046,26.646,26.726
2023-09-05,26.696,26.696,26.451,26.576
2023-09-06,26.526,26.696,26.301,26.456
2023-09-07,26.206,26.206,25.886,26.146
2023-09-08,26.086,26.136,25.836,25.866
2023-09-11,26.056,26.056,25.746,25.956
2023-09-12,25.736,25.996,25.646,25.786
2023-09-13,25.656,25.756,25.546,25.626
2023-09-14,25.876,25.935,25.636,25.786
2023-09-15,25.746,25.786,25.336,25.416
2023-09-18,25.296,25.577,25.296,25.506
2023-09-19,25.456,25.456,25.196,25.366
2023-09-20,25.566,25.666,25.061,25.086
2023-09-21,24.747,24.747,24.447,24.457
2023-09-22,24.647,24.747,24.497,24.567
2023-09-25,24.407,24.617,24.327,24.617
2023-09-26,24.297,24.417,24.087,24.117
2023-09-27,24.357,24.507,24.142,24.407
2023-09-28,24.547,24.817,24.387,24.707
2023-09-29,25.026,25.051,24.652,24.717
2023-10-02,24.797,24.897,24.602,24.697
2023-10-03,24.407,24.537,24.027,24.137
2023-10-04,24.237,24.37,24.017,24.347
2023-10-05,24.377,24.487,24.204,24.427
2023-10-06,24.177,24.767,24.127,24.727
2023-10-09,24.527,24.677,24.322,24.597
2023-10-10,24.657,25.046,24.657,24.897
2023-10-11,24.927,24.996,24.582,24.757
2023-10-12,24.927,24.996,24.49,24.527
2023-10-13,24.527,24.647,24.207,24.287
2023-10-16,24.207,24.537,24.177,24.497
2023-10-17,24.217,24.667,24.117,24.477
2023-10-18,24.127,24.157,23.682,23.707
2023-10-19,23.737,23.892,23.467,23.517
2023-10-20,23.297,23.347,22.977,23.047
2023-10-23,22.867,23.357,22.777,23.147
2023-10-24,23.197,23.387,23.137,23.327
2023-10-25,23.247,23.327,22.737,22.737
2023-10-26,22.617,22.797,22.273,22.407
2023-10-27,22.627,22.627,22.257,22.337
2023-10-30,22.607,22.698,22.397,22.527
2023-10-31,22.557,22.817,22.467,22.767
2023-11-01,22.817,23.107,22.769,23.097
2023-11-02,23.557,23.877,23.547,23.847
2023-11-03,24.207,24.507,24.107,24.447
2023-11-06,24.727,24.727,24.282,24.427
2023-11-07,24.267,24.497,24.227,24.387
2023-11-08,24.297,24.427,24.187,24.307
2023-11-09,24.617,24.737,24.157,24.187
2023-11-10,24.317,24.567,24.157,24.567
2023-11-13,24.487,24.662,24.367,24.607
2023-11-14,25.296,25.546,25.207,25.526
2023-11-15,25.726,25.911,25.55,25.636
2023-11-16,25.536,25.686,25.451,25.676
2023-11-17,25.786,25.906,25.746,25.846
2023-11-20,25.976,26.316,25.922,26.226
2023-11-21,26.226,26.346,26.146,26.256
2023-11-22,26.396,26.476,26.066,26.246
2023-11-24,26.196,26.286,26.136,26.236
2023-11-27,26.186,26.284,26.086,26.246
2023-11-28,26.136,26.286,26.056,26.156
2023-11-29,26.436,26.686,26.436,26.526
2023-11-30,26.706,26.706,26.356,26.426
2023-12-01,26.376,27.031,26.316,27.026
2023-12-04,26.686,26.866,26.479,26.716
2023-12-05,26.556,26.646,26.386,26.566
2023-12-06,26.796,26.846,26.346,26.356
2023-12-07,26.396,26.554,26.236,26.546
2023-12-08,26.506,26.766,26.376,26.716
2023-12-11,26.726,26.871,26.666,26.836
2023-12-12,26.796,26.976,26.676,26.976
2023-12-13,27.006,27.486,26.731,27.436
2023-12-14,27.706,28.026,27.616,27.916
2023-12-15,28.236,28.436,28.126,28.186
2023-12-18,28.206,28.321,28.066,28.246
2023-12-19,28.426,28.596,28.396,28.586
2023-12-20,28.626,28.636,27.896,27.906
2023-12-21,28.336,28.496,28.181,28.496
2023-12-22,28.606,28.606,28.251,28.386
2023-12-26,28.466,28.656,28.396,28.606
2023-12-27,28.716,28.716,28.536,28.686
2023-12-28,28.76,28.85,28.68,28.72
2023-12-29,28.74,28.77,28.39,28.5
2024-01-02,28.22,28.22,27.625,27.71
2024-01-03,27.32,27.37,26.9,26.93
2024-01-04,26.88,27.055,26.74,26.87
2024-01-05,26.76,27.077,26.69,26.84
2024-01-08,26.99,27.72,26.97,27.7
2024-01-09,27.65,27.91,27.48,27.73
2024-01-10,28.12,28.465,28.12,28.41
2024-01-11,28.69,28.78,28.29,28.68
2024-01-12,28.93,29.095,28.75,28.79
2024-01-16,28.66,28.78,28.461,28.59
2024-01-17,28.21,28.21,27.8,28.14
2024-01-18,28.45,28.46,28.145,28.45
2024-01-19,28.49,28.72,28.22,28.71
2024-01-22,28.96,29.24,28.96,29.07
2024-01-23,29.15,29.18,28.885,29.05
2024-01-24,29.27,29.3,28.845,28.86
2024-01-25,29.09,29.24,28.882,29.0
2024-01-26,29.05,29.325,29.04,29.2
2024-01-29,29.07,29.56,28.99,29.56
2024-01-30,29.46,29.47,29.2,29.23
2024-01-31,29.01,29.14,28.57,28.58
2024-02-01,28.83,29.14,28.705,29.13
2024-02-02,29.03,29.42,28.9,29.39
2024-02-05,29.31,29.38,29.0,29.3
2024-02-06,29.2,29.2,28.765,29.07
2024-02-07,29.11,29.35,29.0,29.32
2024-02-08,29.32,29.47,29.13,29.37
2024-02-09,29.59,29.95,29.53,29.91
2024-02-12,30.0,30.32,29.86,29.99
2024-02-13,29.23,29.63,28.85,29.28
2024-02-14,29.7,29.9,29.51,29.89
2024-02-15,30.13,30.24,30.015,30.14
2024-02-16,30.3,30.3,29.84,29.97
2024-02-20,30.07,30.08,29.555,29.82
2024-02-21,29.67,29.67,29.24,29.46
2024-02-22,30.58,30.8,30.38,30.76
2024-02-23,30.97,31.14,30.61,30.73
2024-02-26,31.18,31.18,30.88,31.01
2024-02-27,31.33,31.34,30.97,31.14
2024-02-28,31.0,31.02,30.69,30.81
2024-02-29,31.1,31.338,30.98,31.18
2024-03-01,31.38,31.761,31.13,31.74
2024-03-04,32.03,32.265,31.88,31.97
2024-03-05,31.97,32.045,31.51,31.7
2024-03-06,32.26,32.58,32.04,32.35
2024-03-07,32.69,32.92,32.51,32.89
2024-03-08,33.26,33.595,32.27,32.38
2024-03-11,32.16,32.16,31.78,31.84
2024-03-12,31.98,32.35,31.6,32.35
2024-03-13,32.175,32.21,31.94,32.08
2024-03-14,32.11,32.11,31.33,31.56
2024-03-15,31.52,31.79,31.455,31.65
2024-03-18,32.09,32.19,31.82,31.87
2024-03-19,31.61,31.95,31.365,31.89
2024-03-20,31.98,32.32,31.795,32.27
2024-03-21,32.48,32.51,32.22,32.24
2024-03-22,32.19,32.2,31.95,32.14
2024-03-25,31.87,32.075,31.78,31.94
2024-03-26,32.19,32.2,31.9,31.92
2024-03-27,32.02,32.03,31.55,31.82
2024-03-28,31.81,31.948,31.77,31.81
2024-04-01,31.84,31.99,31.54,31.63
2024-04-02,31.16,31.16,30.875,31.05
2024-04-03,30.91,31.225,30.775,31.09
2024-04-04,31.3,31.359,30.57,30.57
2024-04-05,30.51,30.84,30.38,30.7
2024-04-08,30.84,30.888,30.665,30.77
2024-04-09,31.02,31.07,30.705,31.02
2024-04-10,30.49,30.73,30.411,30.55
2024-04-11,30.67,30.92,30.47,30.89
2024-04-12,30.59,30.59,29.98,30.09
2024-04-15,30.34,30.4,29.45,29.51
2024-04-16,29.37,29.6,29.19,29.41
2024-04-17,29.45,29.55,29.01,29.08
2024-04-18,29.31,29.54,29.102,29.24
2024-04-19,29.09,29.2,28.575,28.65
2024-04-22,28.98,29.24,28.75,29.11
2024-04-23,29.16,29.71,29.16,29.64
2024-04-24,29.82,29.91,29.404,29.56
2024-04-25,28.95,29.407,28.91,29.34
2024-04-26,29.71,30.145,29.71,30.08
